Model,Description,Parameter,ROC-AUC,Accuracy,Precision,Recall,F1 Score,F2 Score,Confusion Matrix
mlp,OR origin,hidden_layer_sizes150,0.913124619572083,0.999420666409185,0.8350515463917526,0.826530612244898,0.8307692307692307,0.8282208588957056,"[[56848    16]
 [   17    81]]"
mlp,OR smote,hidden_layer_sizes150,0.8873506282085147,0.9988062216916541,0.6229508196721312,0.7755102040816326,0.6909090909090909,0.7392996108949417,"[[56818    46]
 [   22    76]]"
mlp,OR adasyn,hidden_layer_sizes150,0.9181211454756354,0.9992275552122467,0.7454545454545455,0.8367346938775511,0.7884615384615385,0.8167330677290837,"[[56836    28]
 [   16    82]]"
mlp,PT origin,hidden_layer_sizes150,0.9029732953958175,0.9994908886626171,0.8876404494382022,0.8061224489795918,0.8449197860962567,0.8212058212058213,"[[56854    10]
 [   19    79]]"
mlp,PT smote,hidden_layer_sizes150,0.8926812846691856,0.9992802219023208,0.7938144329896907,0.7857142857142857,0.7897435897435898,0.787321063394683,"[[56844    20]
 [   21    77]]"
mlp,PT adasyn,hidden_layer_sizes150,0.8875528651246656,0.9992099996488887,0.7676767676767676,0.7755102040816326,0.7715736040609136,0.7739307535641549,"[[56841    23]
 [   22    76]]"
