Model,Description,Parameter,ROC-AUC,Accuracy,Precision,Recall,F1 Score,F2 Score,Confusion Matrix
catboost,OR origin,Default,0.9030172599428067,0.9995786664794073,0.9404761904761905,0.8061224489795918,0.8681318681318683,0.8298319327731094,"[[56859     5],[   19    79]]"
catboost,OR smote,Default,0.9330931373674962,0.9986131104947158,0.5629139072847682,0.8673469387755102,0.6827309236947792,0.7826887661141805,"[[56798    66],[   13    85]]"
catboost,OR adasyn,Default,0.9229242273724346,0.9986482216214319,0.5724137931034483,0.8469387755102041,0.6831275720164609,0.7728119180633147,"[[56802    62],[   15    83]]"
catboost,PT origin,Default,0.9030172599428067,0.9995786664794073,0.9404761904761905,0.8061224489795918,0.8681318681318683,0.8298319327731094,"[[56859     5],[   19    79]]"
catboost,PT smote,Default,0.9128960039277387,0.9989642217618764,0.6585365853658537,0.826530612244898,0.7330316742081447,0.7864077669902914,"[[56822    42],[   17    81]]"
catboost,PT adasyn,Default,0.9177342574621294,0.9984551104244935,0.5324675324675324,0.8367346938775511,0.6507936507936507,0.7509157509157509,"[[56792    72],[   16    82]]"
