Model,Description,Parameter,ROC-AUC,Accuracy,Precision,Recall,F1 Score,F2 Score,Confusion Matrix
regression_logistic,OR origin,Default,0.8264163044227257,0.9991748885221726,0.8311688311688312,0.6530612244897959,0.7314285714285713,0.6823027718550106,"[[56851    13],[   34    64]]"
regression_logistic,OR smote,Default,0.9460294810101868,0.9735964327095257,0.05674653215636822,0.9183673469387755,0.10688836104513064,0.2275025278058645,"[[55368  1496],[    8    90]]"
regression_logistic,OR adasyn,Default,0.922704045743227,0.9168568519363787,0.01887966804979253,0.9285714285714286,0.037006913379422524,0.08729854182655411,"[[52135  4729],[    7    91]]"
regression_logistic,PT origin,Default,0.8366028002365832,0.9991748885221726,0.8148148148148148,0.673469387755102,0.7374301675977653,0.6976744186046511,"[[56849    15],[   32    66]]"
regression_logistic,PT smote,Default,0.944807266603884,0.9711562094027597,0.05217391304347826,0.9183673469387755,0.09873834339001644,0.21256495040151158,"[[55229  1635],[    8    90]]"
regression_logistic,PT adasyn,Default,0.9203299602058044,0.9121168498297111,0.01787819253438114,0.9285714285714286,0.03508095605242868,0.08299890550893835,"[[51865  4999],[    7    91]]"
