Model,Description,Parameter,ROC-AUC,Accuracy,Precision,Recall,F1 Score,F2 Score,Confusion Matrix
catboost,OR origin,iterations=200,0.9132389273942552,0.9996488887328394,0.9642857142857144,0.826530612244898,0.8901098901098902,0.8508403361344538,"[[56861     3],[   17    81]]"
catboost,PT origin,iterations=200,0.9132389273942552,0.9996488887328394,0.9642857142857144,0.826530612244898,0.8901098901098902,0.8508403361344538,"[[56861     3],[   17    81]]"
