Model,Description,Parameter,ROC-AUC,Accuracy,Precision,Recall,F1 Score,F2 Score,Confusion Matrix
knn,PT origin,n_neighbors=3,0.9182882107541948,0.9995611109160492,0.9010989010989012,0.8367346938775511,0.8677248677248677,0.8488612836438924,"[[56855     9],  [   16    82]]"
