Model,Description,Parameter,ROC-AUC,Accuracy,Precision,Recall,F1 Score,F2 Score,Confusion Matrix
random_forest,PT origin,n_estimators=300,0.9183233823917862,0.9996313331694814,0.942528735632184,0.8367346938775511,0.8864864864864864,0.8559498956158665,"[[56859     5],  [   16    82]]"
random_forest,PT origin,n_estimators=500,0.9183233823917862,0.9996313331694814,0.942528735632184,0.8367346938775511,0.8864864864864864,0.8559498956158665,"[[56859     5],  [   16    82]]"
