Model,Description,Parameter,ROC-AUC,Accuracy,Precision,Recall,F1 Score,F2 Score,Confusion Matrix
catboost,OR origin,iterations=100,0.9132213415754596,0.9996137776061234,0.9418604651162792,0.826530612244898,0.8804347826086957,0.8472803347280335,"[[56859     5],[   17    81]]"
catboost,OR origin,iterations=200,0.9132389273942552,0.9996488887328394,0.9642857142857144,0.826530612244898,0.8901098901098902,0.8508403361344538,"[[56861     3],[   17    81]]"
catboost,OR origin,iterations=500,0.9081456794873268,0.9996488887328394,0.975609756097561,0.8163265306122449,0.888888888888889,0.8438818565400844,"[[56862     2],[   18    80]]"
catboost,OR origin,iterations=600,0.9081280936685312,0.9996137776061234,0.9523809523809524,0.8163265306122449,0.8791208791208791,0.8403361344537816,"[[56860     4],[   18    80]]"
catboost,PT origin,iterations=100,0.9132213415754596,0.9996137776061234,0.9418604651162792,0.826530612244898,0.8804347826086957,0.8472803347280335,"[[56859     5],[   17    81]]"
catboost,PT origin,iterations=200,0.9132389273942552,0.9996488887328394,0.9642857142857144,0.826530612244898,0.8901098901098902,0.8508403361344538,"[[56861     3],[   17    81]]"
catboost,PT origin,iterations=500,0.9081456794873268,0.9996488887328394,0.975609756097561,0.8163265306122449,0.888888888888889,0.8438818565400844,"[[56862     2],[   18    80]]"
catboost,PT origin,iterations=600,0.9081280936685312,0.9996137776061234,0.9523809523809524,0.8163265306122449,0.8791208791208791,0.8403361344537816,"[[56860     4],[   18    80]]"
