Model,Description,Parameter,ROC-AUC,Accuracy,Precision,Recall,F1 Score,F2 Score,Confusion Matrix
mlp,OR origin,"hidden_layer_sizes=(100,)",0.918217867479012,0.999420666409185,0.8282828282828283,0.8367346938775511,0.8324873096446701,0.8350305498981672,"[[56847    17],[   16    82]]"
mlp,OR origin,"hidden_layer_sizes=(120,)",0.9131597912096746,0.9994908886626171,0.8709677419354839,0.826530612244898,0.8481675392670157,0.8350515463917526,"[[56852    12],[   17    81]]"
mlp,OR origin,"hidden_layer_sizes=(150,)",0.9283428129270842,0.9992977774656788,0.7636363636363637,0.8571428571428571,0.8076923076923076,0.8366533864541832,"[[56838    26],[   14    84]]"
mlp,OR adasyn,"hidden_layer_sizes=(150,)",0.9232583579295536,0.9993153330290367,0.7757009345794392,0.8469387755102041,0.8097560975609756,0.8316633266533067,"[[56840    24],[   15    83]]"
mlp,PT origin,"hidden_layer_sizes=(50,)",0.9131509983002768,0.9994733330992592,0.8617021276595744,0.826530612244898,0.84375,0.8333333333333334,"[[56851    13],[   17    81]]"
mlp,PT origin,"hidden_layer_sizes=(120,)",0.9283164341988906,0.9992451107756049,0.7433628318584071,0.8571428571428571,0.7962085308056872,0.8316831683168316,"[[56835    29],[   14    84]]"
mlp,PT origin,"hidden_layer_sizes=(150,)",0.9131509983002768,0.9994733330992592,0.8617021276595744,0.826530612244898,0.84375,0.8333333333333334,"[[56851    13],[   17    81]]"
