Model,Description,Parameter,ROC-AUC,Accuracy,Precision,Recall,F1 Score,F2 Score,Confusion Matrix
random_forest,OR origin,n_estimators=200,0.9132213415754596,0.9996137776061234,0.9418604651162792,0.826530612244898,0.8804347826086957,0.8472803347280335,"[[56859     5],  [   17    81]]"
random_forest,OR origin,n_estimators=400,0.9132213415754596,0.9996137776061234,0.9418604651162792,0.826530612244898,0.8804347826086957,0.8472803347280335,"[[56859     5],  [   17    81]]"
random_forest,OR origin,n_estimators=500,0.9132213415754596,0.9996137776061234,0.9418604651162792,0.826530612244898,0.8804347826086957,0.8472803347280335,"[[56859     5],  [   17    81]]"
random_forest,PT origin,n_estimators=100,0.9132301344848576,0.9996313331694814,0.9529411764705882,0.826530612244898,0.8852459016393441,0.8490566037735849,"[[56860     4],  [   17    81]]"
random_forest,PT origin,n_estimators=300,0.9183233823917862,0.9996313331694814,0.942528735632184,0.8367346938775511,0.8864864864864864,0.8559498956158665,"[[56859     5],  [   16    82]]"
random_forest,PT origin,n_estimators=500,0.9183233823917862,0.9996313331694814,0.942528735632184,0.8367346938775511,0.8864864864864864,0.8559498956158665,"[[56859     5],  [   16    82]]"
random_forest,PT origin,n_estimators=600,0.9132213415754596,0.9996137776061234,0.9418604651162792,0.826530612244898,0.8804347826086957,0.8472803347280335,"[[56859     5],  [   17    81]]"
